key,en,fr,hu,pirate
site.title,The World of Social Contracts,Le monde des contrats sociaux,A társadalmi szerződések világa,Th' World o' Social Contracts
nav.home,Home,Accueil,Kezdőlap,Home Port
nav.about,About,À propos,Rólunk,Ship's Log
nav.quiz,Quiz,Quiz,Kvíz,Cap'n's Quiz
footer.contribute,Contribute on GitHub,Contribuer sur GitHub,Közreműködés a GitHubon,Contribute on GitHub, matey
map.hover_hint,Hover a country to preview,Survolez un pays pour un aperçu,Vigye az egeret egy ország fölé az előnézethez,"Hover yer spyglass o'er a land fer a preview, matey"
map.click_hint,Click a country to enlarge,Cliquez sur un pays pour l'agrandir,Kattintson egy országra a nagyításhoz,"Click a land ta enlarge it, ye scallywag"
map.open_country,Click again to open the country page,Cliquez à nouveau pour ouvrir la page du pays,Kattintson újra az ország oldal megnyitásához,"Click again ta open th' country page, arr!"
home.quiz_cta_prefix,Don't know where to start?,Vous ne savez pas par où commencer ?,Nem tudod hol kezdd?,"Don't know where ta start, landlubber?"
home.quiz_cta_link,Check out this quiz,Essayez ce quiz,Próbáld ki ezt a kvízt,Check out this quiz
about.title,About,À propos,Rólunk,Ship's Log
about.body,"Explore how the ""Le contrat social — Nicolas, 30 ans"" meme varies by country. Hover a highlighted country for a preview, click to enlarge it, then click again to open its dedicated page.","Explorez comment le mème « Le contrat social — Nicolas, 30 ans » varie selon les pays. Survolez un pays surligné pour un aperçu, cliquez pour l'agrandir, puis cliquez à nouveau pour ouvrir sa page dédiée.","Fedezze fel, hogyan változik az „Le contrat social — Nicolas, 30 ans” mém országonként. Vigye az egeret a kiemelt ország fölé az előnézethez, kattintson a nagyításhoz, majd kattintson újra a dedikált oldal megnyitásához.","Explore how th' ""Le contrat social — Nicolas, 30 ans"" meme varies by land. Hover a highlighted country fer a preview, click ta enlarge it, then click again ta open its dedicated page, ye landlubber."
notfound.title,Page not found,Page introuvable,Az oldal nem található,Page be lost at sea
notfound.body,The page you requested does not exist.,La page demandée n'existe pas.,A kért oldal nem létezik.,Th' page ye requested walked th' plank.
notfound.back,Back to map,Retour à la carte,Vissza a térképhez,Back ta th' map
map.no_meme,No meme available for this country.,Aucun mème disponible pour ce pays.,Ehhez az országhoz nincs elérhető mém.,"No meme available fer this land, matey."
country.back,Back to map,Retour à la carte,Vissza a térképhez,Back ta th' map
country.loading,Loading country…,Chargement du pays…,Ország betöltése…,Hoistin' country…
country.FR.label,France,France,Franciaország,France
country.FR.description,"Nicolas, 30, sits at the center of France's social contract: welfare flows outward to Karim in Africa via Pôle emploi, CAF, RSA, and Western Union, while taxes fund Bernard and Chantal's retirement cruise through URSSAF, Sécurité sociale, and SeLoger.","Nicolas, 30 ans, est au centre du contrat social français : les aides sociales partent vers Karim en Afrique via Pôle emploi, CAF, RSA et Western Union, tandis que les impôts financent la croisière à la retraite de Bernard et Chantal via l'URSSAF, la Sécurité sociale et SeLoger.","Nicolas, 30 éves, a francia társadalmi szerződés közepén ül: a juttatások Karim felé folynak Afrikába a Pôle emploi, CAF, RSA és Western Union útján, miközben az adók Bernard és Chantal nyugdíjas hajóútját finanszírozzák az URSSAF, a Sécurité sociale és a SeLoger révén.","Nicolas, 30, sits at th' heart o' France's social contract: welfare flows outward ta Karim in Africa via Pôle emploi, CAF, RSA, an' Western Union, while taxes fund Bernard an' Chantal's retirement cruise through URSSAF, Sécurité sociale, an' SeLoger, arr!"
country.CN.label,China,Chine,Kína,China
country.CN.description,"Zhang Weiyi, 30, sits at the center of China's 社会契约 — Laozi wrote of wu wei, but his descendants wrote of the budget. While ministry funds flow toward Ababəkri and Gyaltsen, China Aid reaches Eddy abroad, and the ancestors (苏云亭 and 古镜民, 70) collect their mahjong dues through SSF, Zhang practices the ancient art of doing everything so everyone else can do nothing. The Dao that can be taxed is not the eternal Dao.","Zhang Weiyi, 30 ans, est au centre du 社会契约 chinois — Laozi a écrit le wu wei, mais ses descendants ont écrit le budget. Pendant que le ministère des Finances alimente Ababəkri et Gyaltsen, que China Aid rejoint Eddy à l'étranger et que les ancêtres (苏云亭 et 古镜民, 70 ans) encaissent leur mahjong via le SSF, Zhang pratique l'art ancien de tout faire pour que les autres ne fassent rien. Le Dao qu'on peut taxer n'est pas le Dao éternel.","Zhang Weiyi, 30 éves, Kína 社会契约 közepén ül — Laozi a wu wei-t írt, de leszármazottai a költségvetést. Miközben a pénzügyminisztérium Ababəkri és Gyaltsen felé megy, a China Aid Eddyhez jut külföldön, az ősök (苏云亭 és 古镜民, 70) pedig az SSF-en keresztül mahjongoznak, Zhang a régi művészetét gyakorolja: mindent ő csinál, hogy mások semmit ne kelljen. Az adóztatható Dao nem az örök Dao.","Zhang Weiyi, 30, sits at th' heart o' China's 社会契约 — Laozi wrote o' wu wei, but his descendants wrote th' budget. While ministry doubloons flow toward Ababəkri an' Gyaltsen, China Aid reaches Eddy abroad, an' th' ancestors (苏云亭 an' 古镜民, 70) collect their mahjong dues through SSF, Zhang practices th' ancient art o' doin' everything so everyone else can do nothin'. Th' Dao that can be taxed be not th' eternal Dao, matey."
country.GB.label,United Kingdom,Royaume-Uni,Egyesült Királyság,United Kingdom
country.GB.description,"Nick, 30, sits at the center of Britain's social contract: UKaid flows abroad while Jobcentre Plus and the Ministry of Housing support Karim, who sends remittances via Western Union; Simon and Linda, 70, collect their NHS and DWP dues through Rightmove before setting sail on P&O Cruises.","Nick, 30 ans, est au centre du contrat social britannique : UKaid part à l'étranger tandis que Jobcentre Plus et le ministère du Logement soutiennent Karim, qui envoie des fonds via Western Union ; Simon et Linda, 70 ans, encaissent leurs droits NHS et DWP via Rightmove avant de prendre la mer avec P&O Cruises.","Nick, 30 éves, a brit társadalmi szerződés közepén ül: a UKaid külföldre áramlik, miközben a Jobcentre Plus és a Lakhatási minisztérium Karimot támogatja, aki Western Unionon küld pénzt haza; Simon és Linda, 70 éves, az NHS-en és a DWP-n keresztül gyűjtik be járulékaikat a Rightmove-on keresztül, mielőtt P&O Cruises-szal vitorláznának.","Nick, 30, sits at th' heart o' Britain's social contract: UKaid flows ta foreign seas while Jobcentre Plus an' th' Ministry o' Housing support Karim, who sends doubloons home via Western Union; Simon an' Linda, 70, collect their NHS an' DWP dues through Rightmove afore settin' sail on P&O Cruises, arr!"
country.DE.label,Germany,Allemagne,Németország,Germany
country.DE.description,"Bernd, ü30, sits at the center of Germany's Gesellschaftsvertrag: the European Commission and BMZ send aid abroad while the Agentur für Arbeit, BAföG, and the family ministry support Ahmed; Susanne and Günther, 65, collect their AOK and BVK dues before sailing to Palma de Mallorca on TUI Cruises — and somewhere in the budget, Demokratie leben! finds Lina.","Bernd, ü30, est au centre du Gesellschaftsvertrag allemand : la Commission européenne et le BMZ envoient de l'aide à l'étranger tandis que l'Agentur für Arbeit, le BAföG et le ministère de la Famille soutiennent Ahmed ; Susanne et Günther, 65 ans, encaissent leurs cotisations AOK et BVK avant de partir pour Palma de Mallorca avec TUI Cruises — et quelque part dans le budget, Demokratie leben ! trouve Lina.","Bernd, ü30, Németország Gesellschaftsvertrag-jának közepén ül: az Európai Bizottság és a BMZ külföldre küld segélyt, miközben az Agentur für Arbeit, a BAföG és a családügyi minisztérium Ahmedet támogatja; Susanne és Günther, 65 éves, az AOK és BVK járulékait beszedve indul Palma de Mallorcára a TUI Cruises-szal — és valahol a költségvetésben a Demokratie leben! megtalálja Linát.","Bernd, ü30, sits at th' heart o' Germany's Gesellschaftsvertrag: th' European Commission an' BMZ send aid ta foreign seas while th' Agentur für Arbeit, BAföG, an' th' family ministry support Ahmed; Susanne an' Günther, 65, collect their AOK an' BVK dues afore sailin' ta Palma de Mallorca on TUI Cruises — an' somewhere in th' budget, Demokratie leben! finds Lina, arr!"
country.US.label,United States,États-Unis,Egyesült Államok,United States
country.US.description,"James, 30, sits at the center of America's social contract: USAID and foreign aid flow toward Israel while the DREAM Act and HUD support Jose, who sends something back toward South America; Tysheeqa, 39, draws SNAP and Medicare; Phil and Deborah, 70, collect Social Security before retiring to Mexico in their RV with champagne in hand.","James, 30 ans, est au centre du contrat social américain : l'USAID et l'aide étrangère vont vers Israël tandis que le DREAM Act et le HUD soutiennent Jose, qui renvoie quelque chose vers l'Amérique du Sud ; Tysheeqa, 39 ans, touche SNAP et Medicare ; Phil et Deborah, 70 ans, encaissent la Social Security avant de prendre leur retraite au Mexique en camping-car, champagne à la main.","James, 30 éves, Amerika társadalmi szerződésének közepén ül: az USAID és a külföldi segély Izrael felé áramlik, miközben a DREAM Act és a HUD Jose-t támogatja, aki valamit visszaküld Dél-Amerika felé; Tysheeqa, 39 éves, SNAP-et és Medicare-et kap; Phil és Deborah, 70 éves, Social Security-t gyűjtenek, mielőtt kempingautóval Mexikóba vonulnak nyugdíjba pezsgővel a kezükben.","James, 30, sits at th' heart o' America's social contract: USAID an' foreign aid flow toward Israel while th' DREAM Act an' HUD support Jose, who sends somethin' back toward South America; Tysheeqa, 39, draws SNAP an' Medicare; Phil an' Deborah, 70, collect Social Security afore retirin' ta Mexico in their RV wi' champagne in hand, arr!"
country.NL.label,Netherlands,Pays-Bas,Hollandia,Netherlands
country.NL.description,"Jeroen, 30, sits at the center of the Dutch sociaal contract: Leo, 62, looks down on him while importing Abdi through VluchtelingenWerk and the IND; Abdi exports remittances via Western Union while Rachid draws UWV benefits and exports bicycles and iPhones; Willem and Elsbeth, 68, collect AOW, criticize Jeroen on Facebook, and sail off with ZEETOURS — and somewhere above it all, the politicians he finances spit back.","Jeroen, 30 ans, est au centre du sociaal contract néerlandais : Leo, 62 ans, le regarde de haut tout en important Abdi via VluchtelingenWerk et l'IND ; Abdi exporte des fonds via Western Union tandis que Rachid touche l'UWV et exporte des vélos et des iPhones ; Willem et Elsbeth, 68 ans, encaissent l'AOW, critiquent Jeroen sur Facebook et partent avec ZEETOURS — et quelque part au-dessus, les politiciens qu'il finance crachent en retour.","Jeroen, 30 éves, a holland sociaal contract közepén ül: Leo, 62 éves, lefelé néz rá, miközben Abdit a VluchtelingenWerk és az IND útján importálja; Abdi Western Unionon exportál pénzt, Rachid pedig UWV-juttatást kap és biciklit meg iPhone-t exportál; Willem és Elsbeth, 68 éves, AOW-t gyűjtenek, Facebookon kritizálják Jeroent, és elindulnak a ZEETOURS-szal — és valahol felettük a politikusok, akiket finanszíroz, visszaköpnek rá.","Jeroen, 30, sits at th' heart o' th' Dutch sociaal contract: Leo, 62, looks down on him while importin' Abdi through VluchtelingenWerk an' th' IND; Abdi exports doubloons via Western Union while Rachid draws UWV benefits an' exports bicycles an' iPhones; Willem an' Elsbeth, 68, collect AOW, criticize Jeroen on Facebook, an' sail off wi' ZEETOURS — an' somewhere above it all, th' politicians he finances spit back, arr!"
country.CA.label,Canada,Canada,Kanada,Canada
country.CA.description,"Nick, 30, sits at the center of Canada's social contract: dwelling prices climb past sold-over-asking signs while CPP Investments fund Terry and Dianne, 70, on their Florida retirement; Food Banks Canada, Service Canada, IRCC, and Tim Hortons support Mapdeep, Gurpreet, and Saranjeet, who send Wise remittances to India and pay illegal job fees for a sedan; Indigenous and Northern Affairs Canada watches stolen-land protests, Gladue sentencing, and 2021 church burnings.","Nick, 30 ans, est au centre du contrat social canadien : les prix de l'immobilier dépassent les pancartes « vendu au-dessus de l'offre » tandis que CPP Investments finance la retraite en Floride de Terry et Dianne, 70 ans ; Food Banks Canada, Service Canada, IRCC et Tim Hortons soutiennent Mapdeep, Gurpreet et Saranjeet, qui envoient des fonds via Wise vers l'Inde et paient des frais illégaux pour un emploi et une berline ; Affaires autochtones et du Nord Canada observe les manifestations « terre volée », la justice Gladue et les incendies d'églises de 2021.","Nick, 30 éves, Kanada társadalmi szerződésének közepén ül: a lakásárak túllicitálási táblákon emelkednek túl, miközben a CPP Investments Terry és Dianne, 70 éves floridai nyugdíját finanszírozza; a Food Banks Canada, Service Canada, IRCC és Tim Hortons Mapdeepet, Gurpreetet és Saranjeetet támogatja, akik Wise-on küldenek pénzt Indiába és illegális munkadíjakat fizetnek egy szedánért; az Indigenous and Northern Affairs Canada figyeli a „lopott föld” tüntetéseket, a Gladue-büntetés elveit és a 2021-es templomgyújtogatásokat.","Nick, 30, sits at th' heart o' Canada's social contract: dwellin' prices climb past sold-over-askin' signs while CPP Investments fund Terry an' Dianne, 70, on their Florida retirement; Food Banks Canada, Service Canada, IRCC, an' Tim Hortons support Mapdeep, Gurpreet, an' Saranjeet, who send Wise doubloons ta India an' pay illegal job fees fer a sedan; Indigenous an' Northern Affairs Canada watches stolen-land protests, Gladue sentencin', an' 2021 church burnin's, arr!"
country.IT.label,Italy,Italie,Olaszország,Italy
country.IT.description,"Alessandro, 30, sits at the center of Italy's contratto sociale: INPS and the PNRR fund Liliana, 86, through the SSN while casa.it, immobiliare.it, and idealista price him out; Abraham, Jemal, and Mamadou draw European aid as Adama sends Western Union remittances to Africa; Antonio and Maria, 73 and 71, collect pensions before sailing with Costa — and somewhere in the flow, Silvio, 75, reaches Giulia, Isabella, and Natasha past the Ferrari and the wine.","Alessandro, 30 ans, est au centre du contratto sociale italien : l'INPS et le PNRR financent Liliana, 86 ans, via le SSN tandis que casa.it, immobiliare.it et idealista le mettent dehors ; Abraham, Jemal et Mamadou touchent l'aide européenne tandis qu'Adama envoie des fonds via Western Union vers l'Afrique ; Antonio et Maria, 73 et 71 ans, encaissent leurs pensions avant de partir avec Costa — et quelque part dans le flux, Silvio, 75 ans, rejoint Giulia, Isabella et Natasha devant la Ferrari et le vin.","Alessandro, 30 éves, Olaszország contratto sociale-jának közepén ül: az INPS és a PNRR Lilianát, 86 évest finanszírozza az SSN-en keresztül, miközben a casa.it, az immobiliare.it és az idealista kiszorítja a piacról; Abraham, Jemal és Mamadou európai segélyt kap, Adama pedig Western Unionon küld pénzt Afrikába; Antonio és Maria, 73 és 71 éves, nyugdíjat gyűjtenek, mielőtt a Costa-val indulnának — és valahol a folyamatban Silvio, 75 éves, eléri Giuliát, Isabellát és Natashát a Ferrari és a bor mellett.","Alessandro, 30, sits at th' heart o' Italy's contratto sociale: INPS an' th' PNRR fund Liliana, 86, through th' SSN while casa.it, immobiliare.it, an' idealista price him out; Abraham, Jemal, an' Mamadou draw European aid as Adama sends Western Union doubloons ta Africa; Antonio an' Maria, 73 an' 71, collect pensions afore sailin' wi' Costa — an' somewhere in th' flow, Silvio, 75, reaches Giulia, Isabella, an' Natasha past th' Ferrari an' th' wine, arr!"
country.LI.label,Liechtenstein,Liechtenstein,Liechtenstein,Liechtenstein
country.LI.description,"Nick, 30, sits at the center of Liechtenstein's social contract: he buys fries, the fries attract a seagull, and that is the entire budget. No INPS, no PNRR, no Silvio — just a stressed man, a takeaway box, and a bird.","Nick, 30 ans, est au centre du contrat social liechtensteinois : il achète des frites, les frites attirent une mouette, et c'est tout le budget. Pas d'INPS, pas de PNRR, pas de Silvio — juste un homme stressé, une barquette et un oiseau.","Nick, 30 éves, Liechtenstein társadalmi szerződésének közepén ül: vesz sült krumplit, a sült krumpli vonz egy sirályt, és ez az egész költségvetés. Nincs INPS, nincs PNRR, nincs Silvio — csak egy stresszes férfi, egy doboz és egy madár.","Nick, 30, sits at th' heart o' Liechtenstein's social contract: he buys fries, th' fries attract a seagull, an' that be th' entire budget. No INPS, no PNRR, no Silvio — just a stressed man, a takeaway box, an' a bird, arr!"
country.ES.label,Spain,Espagne,Spanyolország,Spain
country.ES.description,"Unai, 30, sits at the center of Spain's contrato social: AECID sends aid to Morocco while the ministries of Inclusion and Social Rights support Wilson Orlando, 19, who remits through Ria to Latin America; Paco, 72, marches for pensiones dignas through the Seguridad Social, Agencia Tributaria, Tecnocasa, and idealista before IMSERSO takes its cut.","Unai, 30 ans, est au centre du contrato social espagnol : l'AECID envoie de l'aide au Maroc tandis que les ministères de l'Inclusion et des Droits sociaux soutiennent Wilson Orlando, 19 ans, qui envoie des fonds via Ria vers l'Amérique latine ; Paco, 72 ans, manifeste pour des pensiones dignas via la Seguridad Social, l'Agencia Tributaria, Tecnocasa et idealista avant qu'IMSERSO ne prélève sa part.","Unai, 30 éves, Spanyolország contrato social-jának közepén ül: az AECID segélyt küld Marokkóba, miközben a befogadás és a szociális jogok minisztériuma Wilson Orlandót, 19 évest támogatja, aki Ria-n keresztül küld pénzt Latin-Amerikába; Paco, 72 éves, méltó nyugdíjakért tüntet a Seguridad Social, az Agencia Tributaria, a Tecnocasa és az idealista útján, mielőtt az IMSERSO levonja a részét.","Unai, 30, sits at th' heart o' Spain's contrato social: AECID sends aid ta Morocco while th' ministries o' Inclusion an' Social Rights support Wilson Orlando, 19, who remits through Ria ta Latin America; Paco, 72, marches fer pensiones dignas through th' Seguridad Social, Agencia Tributaria, Tecnocasa, an' idealista afore IMSERSO takes its cut, arr!"
country.BR.label,Brazil,Brésil,Brazília,Brazil
country.BR.description,"Pedro, 30, sits at the center of Brazil's contrato social: Receita Federal and the federal government fund Dr. Armando's Rolex while MC Latrocínio points a Glock back; Bolsa Família supports Neide and Deividsson in the favela, FUNAI reaches Inígüasu, and Nestor, 73, draws previdência social toward Fortune Tiger, Pitú, and Jogo do Bicho.","Pedro, 30 ans, est au centre du contrato social brésilien : la Receita Federal et le gouvernement fédéral financent la Rolex du Dr Armando tandis que MC Latrocínio pointe un Glock en retour ; le Bolsa Família soutient Neide et Deividsson dans la favela, la FUNAI atteint Inígüasu, et Nestor, 73 ans, tire la previdência social vers Fortune Tiger, Pitú et Jogo do Bicho.","Pedro, 30 éves, Brazília contrato social-jának közepén ül: a Receita Federal és a szövetségi kormány Dr. Armando Rolexét finanszírozza, miközben MC Latrocínio egy Glockkal mutat vissza; a Bolsa Família Neidét és Deividssont támogatja a favelában, a FUNAI eléri Inígüasut, Nestor, 73 éves, pedig a previdência socialt a Fortune Tiger, Pitú és Jogo do Bicho felé irányítja.","Pedro, 30, sits at th' heart o' Brazil's contrato social: Receita Federal an' th' federal government fund Dr. Armando's Rolex while MC Latrocínio points a Glock back; Bolsa Família supports Neide an' Deividsson in th' favela, FUNAI reaches Inígüasu, an' Nestor, 73, draws previdência social toward Fortune Tiger, Pitú, an' Jogo do Bicho, arr!"
country.IN.label,India,Inde,India,India
country.IN.description,"Suresh, 30, sits at the center of India's सामाजिक अनुबंध: UPI flows toward Modi while the Ministry of Minority Affairs funds Mustafizur and Raju draws NREGA toward a KTM; Shanti Devi collects women-and-child schemes and IAS Prashant Kumar, Retd., cashes the National Pension System on the way to Oxford.","Suresh, 30 ans, est au centre du सामाजिक अनुबंध indien : l'UPI va vers Modi tandis que le ministère des Minorités finance Mustafizur et Raju tire le NREGA vers une KTM ; Shanti Devi encaisse les programmes femmes-enfants et IAS Prashant Kumar, retraité, encaisse le National Pension System en route pour Oxford.","Suresh, 30 éves, India सामाजिक अनुबंध közepén ül: az UPI Modi felé áramlik, miközben a kisebbségi ügyek minisztériuma Mustafizurt finanszírozza és Raju az NREGA-t egy KTM felé irányítja; Shanti Devi a női és gyermekprogramokat gyűjti be, IAS Prashant Kumar nyugdíjas pedig a National Pension Systemet Oxford felé váltja ki.","Suresh, 30, sits at th' heart o' India's सामाजिक अनुबंध: UPI flows toward Modi while th' Ministry o' Minority Affairs funds Mustafizur an' Raju draws NREGA toward a KTM; Shanti Devi collects women-an'-child schemes an' IAS Prashant Kumar, Retd., cashes th' National Pension System on th' way ta Oxford, arr!"
country.ID.label,Indonesia,Indonésie,Indonézia,Indonesia
country.ID.description,"Eko, 25, sits at the center of Indonesia's kontrak sosial: SCBD taxes flow through BPJS and the tax directorate toward Hartono, Widjaja, Tjahjanto, and Oey Liong while Kevin and Rizki fund miHoYo, Garena, and Tencent; Wahyu delivers for Gojek and Grab past Pertamina toward Gates of Olympus, and Rusdi, 75, smokes through Philip Morris toward the Papua map.","Eko, 25 ans, est au centre du kontrak sosial indonésien : les impôts de SCBD passent par le BPJS et la direction des impôts vers Hartono, Widjaja, Tjahjanto et Oey Liong tandis que Kevin et Rizki financent miHoYo, Garena et Tencent ; Wahyu livre pour Gojek et Grab au-delà de Pertamina vers Gates of Olympus, et Rusdi, 75 ans, fume via Philip Morris vers la carte de Papouasie.","Eko, 25 éves, Indonézia kontrak sosial-jának közepén ül: az SCBD adói a BPJS-en és az adóhivatalon keresztül Hartono, Widjaja, Tjahjanto és Oey Liong felé folynak, miközben Kevin és Rizki a miHoYo, Garena és Tencent felé finanszíroz; Wahyu a Gojek és Grab számára szállít a Pertamina mellett a Gates of Olympus felé, Rusdi, 75 éves, pedig a Philip Morris-on át a pápua térkép felé füstöl.","Eko, 25, sits at th' heart o' Indonesia's kontrak sosial: SCBD taxes flow through BPJS an' th' tax directorate toward Hartono, Widjaja, Tjahjanto, an' Oey Liong while Kevin an' Rizki fund miHoYo, Garena, an' Tencent; Wahyu delivers fer Gojek an' Grab past Pertamina toward Gates o' Olympus, an' Rusdi, 75, smokes through Philip Morris toward th' Papua map, arr!"
country.IL.label,Israel,Israël,Izrael,Israel
country.IL.description,"Yoni, 30, sits at the center of Israel's החוזה החברתי: the Ministry of Education and Bituach Leumi fund Moishe, David, Shlomo, and Amos while Ariel and Daniel march through the rabbinate; Jacob, 24, takes Birthright as Abdullah and Kasim draw Palestinian aid, and Eitan and Yael, 62, collect insurance before AIPAC and the beach condos call.","Yoni, 30 ans, est au centre du החוזה החברתי israélien : le ministère de l'Éducation et le Bituach Leumi financent Moishe, David, Shlomo et Amos tandis qu'Ariel et Daniel marchent via la rabbinate ; Jacob, 24 ans, prend Birthright alors qu'Abdullah et Kasim tirent l'aide palestinienne, et Eitan et Yael, 62 ans, encaissent l'assurance avant l'appel d'AIPAC et des condos de plage.","Yoni, 30 éves, Izrael החוזה החברתי közepén ül: az oktatási minisztérium és a Bituach Leumi Moishe, David, Shlomo és Amos finanszírozására megy, miközben Ariel és Daniel a rabbinate-en át masíroz; Jacob, 24 éves, Birthrightot kap, Abdullah és Kasim pedig palesztin segélyt von el, Eitan és Yael, 62 éves, pedig biztosítást gyűjt, mielőtt az AIPAC és a tengerparti lakások hívnák.","Yoni, 30, sits at th' heart o' Israel's החוזה החברתי: th' Ministry o' Education an' Bituach Leumi fund Moishe, David, Shlomo, an' Amos while Ariel an' Daniel march through th' rabbinate; Jacob, 24, takes Birthright as Abdullah an' Kasim draw Palestinian aid, an' Eitan an' Yael, 62, collect insurance afore AIPAC an' th' beach condos call, arr!"
country.MY.label,Malaysia,Malaisie,Malajzia,Malaysia
country.MY.description,"Muhammad Hafiz, 31, sits at the center of Malaysia's kontrak sosial: Petronas, PNB, KWSP, and Khazanah flow through PMX and the Majlis Raja-Raja while Muhammad Firdaus delivers GrabFood toward Temasek; Nurhayati Nasution and Mohammad Abdur remit via Western Union as George Williams, 39, collects Hermès, Tesla, and MUJI past the croni-kroni and UiTM.","Muhammad Hafiz, 31 ans, est au centre du kontrak sosial malaisien : Petronas, PNB, KWSP et Khazanah passent par PMX et le Majlis Raja-Raja tandis que Muhammad Firdaus livre GrabFood vers Temasek ; Nurhayati Nasution et Mohammad Abdur envoient des fonds via Western Union alors que George Williams, 39 ans, encaisse Hermès, Tesla et MUJI au-delà des croni-kroni et de l'UiTM.","Muhammad Hafiz, 31 éves, Malajzia kontrak sosial-jának közepén ül: a Petronas, PNB, KWSP és Khazanah a PMX-en és a Majlis Raja-Raja-n keresztül áramlik, miközben Muhammad Firdaus GrabFoodot szállít a Temasek felé; Nurhayati Nasution és Mohammad Abdur Western Unionon küld pénzt, George Williams, 39 éves, pedig Hermès, Tesla és MUJI termékeket gyűjt a croni-kroni és az UiTM mellett.","Muhammad Hafiz, 31, sits at th' heart o' Malaysia's kontrak sosial: Petronas, PNB, KWSP, an' Khazanah flow through PMX an' th' Majlis Raja-Raja while Muhammad Firdaus delivers GrabFood toward Temasek; Nurhayati Nasution an' Mohammad Abdur remit via Western Union as George Williams, 39, collects Hermès, Tesla, an' MUJI past th' croni-kroni an' UiTM, arr!"
country.NG.label,Nigeria,Nigéria,Nigéria,Nigeria
country.NG.description,"Nduka, 30, sits at the center of Nigeria's social contract: WorldRemit and the black-tax burden fund Cousin Ifeoma, Uncle Ekene, and jollof rice while FIRS sends taxes to President Bola, 72, and his elders toward Gucci, Rolex, and the Ferrari; Officer Adebayo, Eghosa, and Tanimu collect their cut on the way to the club.","Nduka, 30 ans, est au centre du contrat social nigérian : WorldRemit et le fardeau de la black tax financent la cousine Ifeoma, l'oncle Ekene et le riz jollof tandis que le FIRS envoie les impôts au président Bola, 72 ans, et à ses anciens vers Gucci, Rolex et la Ferrari ; les officiers Adebayo, Eghosa et Tanimu prélèvent leur part en route vers le club.","Nduka, 30 éves, Nigéria társadalmi szerződésének közepén ül: a WorldRemit és a black tax teher Ifeoma unokatestvérét, Ekene nagybácsit és a jollof rizst finanszírozza, miközben a FIRS adókat küld Bola elnöknek, 72 éves, és véneinek a Gucci, Rolex és Ferrari felé; Adebayo, Eghosa és Tanimu tisztok útközben levonják a részüket a klub felé.","Nduka, 30, sits at th' heart o' Nigeria's social contract: WorldRemit an' th' black-tax burden fund Cousin Ifeoma, Uncle Ekene, an' jollof rice while FIRS sends taxes ta President Bola, 72, an' his elders toward Gucci, Rolex, an' th' Ferrari; Officer Adebayo, Eghosa, an' Tanimu collect their cut on th' way ta th' club, arr!"
country.PT.label,Portugal,Portugal,Portugália,Portugal
country.PT.description,"João, 30, sits at the center of Portugal's contrato social: Segurança Social and the SNS fund Heloísa, 25, from Brazil, Angola, and India via APOIAR and IEFP while Pedro and Júlia, 70, collect pensions on the way to the beach resort.","João, 30 ans, est au centre du contrato social portugais : la Segurança Social et le SNS financent Heloísa, 25 ans, venue du Brésil, d'Angola et d'Inde via APOIAR et l'IEFP tandis que Pedro et Júlia, 70 ans, encaissent leurs pensions en route vers la station balnéaire.","João, 30 éves, Portugália contrato social-jának közepén ül: a Segurança Social és az SNS Heloísát, 25 évest finanszírozza Brazíliából, Angolából és Indiából az APOIAR és IEFP útján, miközben Pedro és Júlia, 70 éves, nyugdíjat gyűjtenek a tengerparti üdülő felé.","João, 30, sits at th' heart o' Portugal's contrato social: Segurança Social an' th' SNS fund Heloísa, 25, from Brazil, Angola, an' India via APOIAR an' IEFP while Pedro an' Júlia, 70, collect pensions on th' way ta th' beach resort, arr!"
country.RU.label,Russia,Russie,Oroszország,Russia
country.RU.description,"Dima, 30, sits at the center of Russia's общественный договор: the Ministry of Economic Development funds Ramzan, 48, and the coat of arms reaches Bashar, 59, while Vladimir, 72, builds the palace; Sasha, 25, loots through Rosgvardia and Lyudmila, 53, collects her pension fund toward a red wooden house.","Dima, 30 ans, est au centre de l'общественный договор russe : le ministère du Développement économique finance Ramzan, 48 ans, et les armoiries atteignent Bashar, 59 ans, tandis que Vladimir, 72 ans, construit le palais ; Sasha, 25 ans, pille via la Rosgvardia et Lyudmila, 53 ans, encaisse son fonds de pension vers une maison en bois rouge.","Dima, 30 éves, Oroszország общественный договор közepén ül: a gazdasági fejlesztési minisztérium Ramzant, 48 évest finanszírozza, a címer Basharig, 59 éves, ér, Vladimir, 72 éves, pedig építi a palotát; Sasha, 25 éves, a Rosgvardián keresztül fosztogat, Lyudmila, 53 éves, pedig nyugdíjalapját egy piros faház felé váltja ki.","Dima, 30, sits at th' heart o' Russia's общественный договор: th' Ministry o' Economic Development funds Ramzan, 48, an' th' coat o' arms reaches Bashar, 59, while Vladimir, 72, builds th' palace; Sasha, 25, loots through Rosgvardia an' Lyudmila, 53, collects her pension fund toward a red wooden house, arr!"
country.ZA.label,South Africa,Afrique du Sud,Dél-afrikai Köztársaság,South Africa
country.ZA.description,"Johan van der Merwe, 28, sits at the center of South Africa's sosiale kontrak: SARS feeds SASSA and the ANC while Sipho, 13, draws grants toward Johannesburg crime and cramped security villages; farm murders collect stolen police weapons as BELA, land expropriation, and Hennessy flow past News24's end of white monopoly capital.","Johan van der Merwe, 28 ans, est au centre du sosiale kontrak sud-africain : le SARS alimente le SASSA et l'ANC tandis que Sipho, 13 ans, tire les allocations vers la criminalité de Johannesburg et les villages sécurisés exigus ; les meurtres de fermiers collectent les armes volées de la police tandis que BELA, l'expropriation des terres et Hennessy passent au-delà de la fin du capital monopoliste blanc de News24.","Johan van der Merwe, 28 éves, Dél-Afrika sosiale kontrak-jának közepén ül: a SARS a SASSA-t és az ANC-t táplálja, miközben Sipho, 13 éves, támogatásokat von el Johannesburg bűnözése és szűk biztonsági falvak felé; a farmgyilkosságok lopott rendőrfegyvereket gyűjtenek, miközben a BELA, a földkiíratás és a Hennessy a News24 fehér monopóliumtőke vége mellett áramlik.","Johan van der Merwe, 28, sits at th' heart o' South Africa's sosiale kontrak: SARS feeds SASSA an' th' ANC while Sipho, 13, draws grants toward Johannesburg crime an' cramped security villages; farm murders collect stolen police weapons as BELA, land expropriation, an' Hennessy flow past News24's end o' white monopoly capital, arr!"
country.TR.label,Turkey,Turquie,Törökország,Turkey
country.TR.description,"Serkan, 33, sits at the center of Turkey's social contract: TOKİ, SGK, and the Red Crescent fund Havin, 68, and İsmail, 54, while MİT reaches Abdullah in Somalia and Ibrahim in Syria; Recep, 26, wires the pole past Olga toward Ali and Ahmet on the evening news.","Serkan, 33 ans, est au centre du contrat social turc : TOKİ, SGK et le Croissant-Rouge financent Havin, 68 ans, et İsmail, 54 ans, tandis que le MİT atteint Abdullah en Somalie et Ibrahim en Syrie ; Recep, 26 ans, câble le poteau au-delà d'Olga vers Ali et Ahmet au journal du soir.","Serkan, 33 éves, Törökország társadalmi szerződésének közepén ül: a TOKİ, SGK és a Vörös Félhold Havint, 68 évest, és İsmailt, 54 évest finanszírozza, miközben a MİT Abdullahig ér Szomáliában és Ibrahimig Szíriában; Recep, 26 éves, a póznát Olga mellett Ali és Ahmet felé köti az esti hírekben.","Serkan, 33, sits at th' heart o' Turkey's social contract: TOKİ, SGK, an' th' Red Crescent fund Havin, 68, an' İsmail, 54, while MİT reaches Abdullah in Somalia an' Ibrahim in Syria; Recep, 26, wires th' pole past Olga toward Ali an' Ahmet on th' evenin' news, arr!"
country.AO.label,Angola,Angola,Angola,Angola
country.AO.description,"Pedro, 34, sits at the center of Angola's O Contrato Social: oil flows through KWENDA and Turma da CAOP while black tax supports Primo Gunza, his wife, her ex's son, and his sogra; AGT and the Governo de Angola fund Presidente JLO and Marioneta ACJ toward a Lexus and Anelka de Jesus, past Moxico.","Pedro, 34 ans, est au centre de l'O Contrato Social angolais : le pétrole passe par KWENDA et la Turma da CAOP tandis que la black tax soutient Primo Gunza, son épouse, le fils de l'ex de celle-ci et sa belle-mère ; l'AGT et le Governo de Angola financent le président JLO et la marionnette ACJ vers une Lexus et Anelka de Jesus, au-delà de Moxico.","Pedro, 34 éves, Angola O Contrato Social-jának közepén ül: az olaj a KWENDA-n és a Turma da CAOP-on keresztül áramlik, miközben a black tax Primo Gunzát, a feleségét, annak exének fiát és a sográt támogatja; az AGT és a Governo de Angola JLO elnököt és ACJ bábját egy Lexus és Anelka de Jesus felé finanszírozza, Moxico mellett.","Pedro, 34, sits at th' heart o' Angola's O Contrato Social: oil flows through KWENDA an' Turma da CAOP while black tax supports Primo Gunza, his wife, her ex's son, an' his sogra; AGT an' th' Governo de Angola fund Presidente JLO an' Marioneta ACJ toward a Lexus an' Anelka de Jesus, past Moxico, arr!"
country.AR.label,Argentina,Argentine,Argentína,Argentina
country.AR.description,"Juan, 30, sits at the center of Argentina's El contrato social: taxes flow toward Insaurralde, 48, and a Rolex yacht scandal while Bryan, 25, points a gun back toward roulette; Progresar funds kids in the barrio toward a soccer ball, and Carlos, 77, draws pensions toward bingo.","Juan, 30 ans, est au centre de l'El contrato social argentin : les impôts vont vers Insaurralde, 48 ans, et le scandale du yacht Rolex tandis que Bryan, 25 ans, pointe un pistolet vers la roulette ; Progresar finance des enfants du barrio vers un ballon de foot, et Carlos, 77 ans, tire les pensions vers le bingo.","Juan, 30 éves, Argentína El contrato social-jának közepén ül: az adók Insaurralde, 48 éves felé és egy Rolex jachtbotrány felé folynak, miközben Bryan, 25 éves, pisztolyt mutat vissza a rulett felé; a Progresar a barrio gyerekeit egy focilabda felé finanszírozza, Carlos, 77 éves, pedig a nyugdíjat bingó felé irányítja.","Juan, 30, sits at th' heart o' Argentina's El contrato social: taxes flow toward Insaurralde, 48, an' a Rolex yacht scandal while Bryan, 25, points a gun back toward roulette; Progresar funds kids in th' barrio toward a soccer ball, an' Carlos, 77, draws pensions toward bingo, arr!"
country.AU.label,Australia,Australie,Ausztrália,Australia
country.AU.description,"Nick, 30, sits at the center of Australia's social contract: Australian Aid and Pacific military spending reach Papua New Guinea and the Solomon Islands while Centrelink, Closing the Gap, and childcare subsidies support Kareem; Simon and Linda, 70, collect Medicare and NDIS before realestate.com.au prices climb past selective schools.","Nick, 30 ans, est au centre du contrat social australien : l'Australian Aid et les dépenses militaires du Pacifique atteignent la Papouasie-Nouvelle-Guinée et les Îles Salomon tandis que Centrelink, Closing the Gap et les subventions garde d'enfants soutiennent Kareem ; Simon et Linda, 70 ans, encaissent Medicare et le NDIS avant que realestate.com.au ne fasse monter les prix au-delà des selective schools.","Nick, 30 éves, Ausztrália társadalmi szerződésének közepén ül: az Australian Aid és a csendes-óceáni katonai kiadások Pápua Új-Guineáig és a Salamon-szigetekig érnek, miközben a Centrelink, a Closing the Gap és a bölcsődei támogatások Kareemet segítik; Simon és Linda, 70 éves, Medicare-et és NDIS-t gyűjtenek, mielőtt a realestate.com.au árai túlszárnyalják a selective schools-t.","Nick, 30, sits at th' heart o' Australia's social contract: Australian Aid an' Pacific military spendin' reach Papua New Guinea an' th' Solomon Islands while Centrelink, Closin' th' Gap, an' childcare subsidies support Kareem; Simon an' Linda, 70, collect Medicare an' NDIS afore realestate.com.au prices climb past selective schools, arr!"
country.AT.label,Austria,Autriche,Ausztria,Austria
country.AT.description,"Franz, 30, sits at the center of Austria's social contract: the Austrian Development Agency sends aid abroad while Stadt Wien, SPÖ, Die Grünen, and ÖVP fund Wiener Wohnen, WKO Pensionskassen, Wien Kultur, and Vienna Pride toward Mareike, 19, and Abdul, 23, at Reumannplatz; Josef and Marianne, 72, collect pensions before migration graphs and crime statistics close in.","Franz, 30 ans, est au centre du contrat social autrichien : l'Agence autrichienne de développement envoie de l'aide à l'étranger tandis que Stadt Wien, SPÖ, Die Grünen et ÖVP financent Wiener Wohnen, WKO Pensionskassen, Wien Kultur et Vienna Pride vers Mareike, 19 ans, et Abdul, 23 ans, à Reumannplatz ; Josef et Marianne, 72 ans, encaissent leurs pensions avant que les graphiques de migration et les statistiques de criminalité ne se referment.","Franz, 30 éves, Ausztria társadalmi szerződésének közepén ül: az osztrák fejlesztési ügynökség külföldre küld segélyt, miközben a Stadt Wien, az SPÖ, a Die Grünen és az ÖVP a Wiener Wohnen, WKO Pensionskassen, Wien Kultur és Vienna Pride felé finanszíroz Mareike, 19 évest, és Abdul, 23 évest, a Reumannplatzon; Josef és Marianne, 72 éves, nyugdíjat gyűjtenek, mielőtt a migrációs grafikonok és a bűnügyi statisztikák bezárulnának.","Franz, 30, sits at th' heart o' Austria's social contract: th' Austrian Development Agency sends aid abroad while Stadt Wien, SPÖ, Die Grünen, an' ÖVP fund Wiener Wohnen, WKO Pensionskassen, Wien Kultur, an' Vienna Pride toward Mareike, 19, an' Abdul, 23, at Reumannplatz; Josef an' Marianne, 72, collect pensions afore migration graphs an' crime statistics close in, arr!"
country.BG.label,Bulgaria,Bulgarie,Bulgária,Bulgaria
country.BG.description,"Georgi, 33, sits at the center of Bulgaria's social contract: the NSSI, labour, regional development, interior, and health ministries fund Ginka, 80, through phone scams and Radka, 28, with five children through potholes and a rotting hospital; corrupt police and unemployed Mercedes owners draw disability benefits toward cocaine, roast pig, and luxury towers.","Georgi, 33 ans, est au centre du contrat social bulgare : le NSSI et les ministères du Travail, du Développement régional, de l'Intérieur et de la Santé financent Ginka, 80 ans, via des arnaques téléphoniques et Radka, 28 ans, avec cinq enfants via des nids-de-poule et un hôpital pourri ; des policiers corrompus et des propriétaires de Mercedes au chômage touchent des allocations invalidité vers la cocaïne, le cochon rôti et des tours de luxe.","Georgi, 33 éves, Bulgária társadalmi szerződésének közepén ül: az NSSI és a munkaügyi, regionális fejlesztési, belügyi és egészségügyi minisztériumok Ginkát, 80 évest, telefonos csalásokon és Radkát, 28 évest, öt gyerekkel, kátyúkon és egy rohadt kórházon keresztül finanszíroznak; korrupt rendőrök és munkanélküli Mercedes-tulajdonosok rokkantsági ellátást vonnak el k Kokain, sült disznó és luxustorony felé.","Georgi, 33, sits at th' heart o' Bulgaria's social contract: th' NSSI, labour, regional development, interior, an' health ministries fund Ginka, 80, through phone scams an' Radka, 28, wi' five children through potholes an' a rottin' hospital; corrupt police an' unemployed Mercedes owners draw disability benefits toward cocaine, roast pig, an' luxury towers, arr!"
country.KH.label,Cambodia,Cambodge,Kambodzsa,Cambodia
country.KH.description,"Chea, 28, sits at the center of Cambodia's social contract: the national budget flows toward parliament pension hikes and village ministry programs while rural roads and smartphones lead to Sihanoukville; Shopee and Temasek sit upstream as sound trucks, a bupati cap, and a shirt reading 100% low human resources close the loop.","Chea, 28 ans, est au centre du contrat social cambodgien : le budget national va vers des hausses de pensions parlementaires et des programmes du ministère des Villages tandis que les routes rurales et les smartphones mènent à Sihanoukville ; Shopee et Temasek se trouvent en amont tandis que des camions sonorisés, une casquette de bupati et un t-shirt « 100 % SDM RENDAH » ferment la boucle.","Chea, 28 éves, Kambodzsa társadalmi szerződésének közepén ül: a nemzeti költségvetés a parlament nyugdíjemelései és a falusi minisztériumi programok felé áramlik, miközben a vidéki utak és az okostelefonok Sihanoukville felé vezetnek; a Shopee és a Temasek fentebb áll, hangos kamionok, egy bupati sapka és egy „100% SDM RENDAH” póló zárja a kört.","Chea, 28, sits at th' heart o' Cambodia's social contract: th' national budget flows toward parliament pension hikes an' village ministry programs while rural roads an' smartphones lead ta Sihanoukville; Shopee an' Temasek sit upstream as sound trucks, a bupati cap, an' a shirt readin' 100% low human resources close th' loop, arr!"
country.CL.label,Chile,Chili,Chile,Chile
country.CL.description,"Seba, 30, sits at the center of Chile's El contrato social: Fonasa and the PDI reach Easter Island while the Servicio Nacional de Migraciones supports Dieudonne and Yonaiker, 23; the Ministerio del Trabajo and AFP Chile fund Byron and Jennifer, 25, toward Tocornal, Teletrak, and tusi as Francisco-Javier and Anita-Maria, 70, collect pensions toward LATAM and Miami.","Seba, 30 ans, est au centre de l'El contrato social chilien : Fonasa et la PDI atteignent l'île de Pâques tandis que le Servicio Nacional de Migraciones soutient Dieudonne et Yonaiker, 23 ans ; le Ministerio del Trabajo et l'AFP Chile financent Byron et Jennifer, 25 ans, vers Tocornal, Teletrak et le tusi tandis que Francisco-Javier et Anita-Maria, 70 ans, encaissent leurs pensions vers LATAM et Miami.","Seba, 30 éves, Chile El contrato social-jának közepén ül: a Fonasa és a PDI eléri a Húsvét-szigetet, miközben a Servicio Nacional de Migraciones Dieudonne-t és Yonaikert, 23 évest támogatja; a Ministerio del Trabajo és az AFP Chile Byron és Jennifert, 25 évest, a Tocornal, Teletrak és tusi felé finanszírozza, Francisco-Javier és Anita-Maria, 70 éves, pedig nyugdíjat gyűjt a LATAM és Miami felé.","Seba, 30, sits at th' heart o' Chile's El contrato social: Fonasa an' th' PDI reach Easter Island while th' Servicio Nacional de Migraciones supports Dieudonne an' Yonaiker, 23; th' Ministerio del Trabajo an' AFP Chile fund Byron an' Jennifer, 25, toward Tocornal, Teletrak, an' tusi as Francisco-Javier an' Anita-Maria, 70, collect pensions toward LATAM an' Miami, arr!"
country.CO.label,Colombia,Colombie,Kolumbia,Colombia
country.CO.description,"Juan Carlos, 30, sits at the center of Colombia's El Contrato Social: DIAN and the DNP fund Petro, Francia Márquez, and Nicolás Petro's trial while Uribe points toward false positives and white elephants; the FCF, Gestores de Paz, and protests meet Salvatore Mancuso and drugs as Rappi, Venezuela, and a 50,000-peso note close the loop on luxury SUVs.","Juan Carlos, 30 ans, est au centre de l'El Contrato Social colombien : la DIAN et le DNP financent Petro, Francia Márquez et le procès de Nicolás Petro tandis qu'Uribe pointe vers les faux positifs et les éléphants blancs ; la FCF, les Gestores de Paz et les manifestations rencontrent Salvatore Mancuso et la drogue tandis que Rappi, le Venezuela et un billet de 50 000 pesos ferment la boucle sur des SUV de luxe.","Juan Carlos, 30 éves, Kolumbia El Contrato Social-jának közepén ül: a DIAN és a DNP Petro, Francia Márquez és Nicolás Petro perét finanszírozza, miközben Uribe a hamis pozitívok és fehér elefántok felé mutat; az FCF, a Gestores de Paz és a tüntetések találkoznak Salvatore Mancusóval és a droggal, miközben a Rappi, Venezuela és egy 50 000 pesos bankjegy zárja a kört a luxus SUV-kon.","Juan Carlos, 30, sits at th' heart o' Colombia's El Contrato Social: DIAN an' th' DNP fund Petro, Francia Márquez, an' Nicolás Petro's trial while Uribe points toward false positives an' white elephants; th' FCF, Gestores de Paz, an' protests meet Salvatore Mancuso an' drugs as Rappi, Venezuela, an' a 50,000-peso note close th' loop on luxury SUVs, arr!"
country.CZ.label,Czech Republic,République tchèque,Csehország,Czech Republic
country.CZ.description,"Jirka, 30, sits at the center of the Czech Společenská smlouva: Člověk v tísni and the Úřad práce send aid toward Ukraine while Ihor, 25, remits through Revolut; the MPSV supports Eržika, 23, and ČSSZ funds Libor and Vladimíra, 70, toward EXIM tours.","Jirka, 30 ans, est au centre de la Společenská smlouva tchèque : Člověk v tísni et l'Úřad práce envoient de l'aide vers l'Ukraine tandis qu'Ihor, 25 ans, transfère des fonds via Revolut ; le MPSV soutient Eržika, 23 ans, et la ČSSZ finance Libor et Vladimíra, 70 ans, vers EXIM tours.","Jirka, 30 éves, a cseh Společenská smlouva közepén ül: a Člověk v tísni és az Úřad práce segélyt küld Ukrajnába, miközben Ihor, 25 éves, Revoluton utal; az MPSV Eržikát, 23 évest támogatja, a ČSSZ pedig Libort és Vladimírat, 70 évest, az EXIM tours felé finanszírozza.","Jirka, 30, sits at th' heart o' th' Czech Společenská smlouva: Člověk v tísni an' th' Úřad práce send aid toward Ukraine while Ihor, 25, remits through Revolut; th' MPSV supports Eržika, 23, an' ČSSZ funds Libor an' Vladimíra, 70, toward EXIM tours, arr!"
country.DK.label,Denmark,Danemark,Dánia,Denmark
country.DK.description,"Rasmus, 30, sits at the center of Denmark's Den sociale kontrakt: Københavns Kommune and jobcentre fund Achmed, 25, toward a handgun and Mercedes while Western Union reaches Africa and Fatima, 45, draws Beskæftigelsesministeriet; Sex & Samfund, DANIDA, and Kirkeministeriet support queer theory, abortion, Miremba and Dembe, and Muhammad, 18, with a Palestinian flag past drag at church.","Rasmus, 30 ans, est au centre de la Den sociale kontrakt danoise : Københavns Kommune et les jobcentres financent Achmed, 25 ans, vers un pistolet et une Mercedes tandis que Western Union atteint l'Afrique et Fatima, 45 ans, tire le Beskæftigelsesministeriet ; Sex & Samfund, DANIDA et Kirkeministeriet soutiennent la queer theory, l'avortement, Miremba et Dembe, et Muhammad, 18 ans, avec un drapeau palestinien au-delà du drag à l'église.","Rasmus, 30 éves, Dánia Den sociale kontrakt-jának közepén ül: a Københavns Kommune és a jobcentre Achmedet, 25 évest, egy pisztoly és Mercedes felé finanszírozza, miközben a Western Union eléri Afrikát és Fatima, 45 éves, a Beskæftigelsesministerietet vonzza; a Sex & Samfund, a DANIDA és a Kirkeministeriet a queer theoryt, az abortuszt, Mirembát és Dembét, valamint Muhammadot, 18 évest, palesztin zászlóval támogatja, a templomi drag mellett.","Rasmus, 30, sits at th' heart o' Denmark's Den sociale kontrakt: Københavns Kommune an' jobcentre fund Achmed, 25, toward a handgun an' Mercedes while Western Union reaches Africa an' Fatima, 45, draws Beskæftigelsesministeriet; Sex & Samfund, DANIDA, an' Kirkeministeriet support queer theory, abortion, Miremba an' Dembe, an' Muhammad, 18, wi' a Palestinian flag past drag at church, arr!"
country.DO.label,Dominican Republic,République dominicaine,Dominikai Köztársaság,Dominican Republic
country.DO.description,"Carlos, 30, sits at the center of the Dominican social contract: taxes split toward New York and Santo Domingo Rolex-Lamborghini-LATAM-Miami luxury while SESPAS and Western Union reach Jean Baptise, 25, and Haiti; Angel and Yocairy, 70, collect pensions past the crying wojak insisting I no Haitian, I Dominiken.","Carlos, 30 ans, est au centre du contrat social dominicain : les impôts se partagent entre New York et le luxe Rolex-Lamborghini-LATAM-Miami de Santo Domingo tandis que le SESPAS et Western Union atteignent Jean Baptise, 25 ans, et Haïti ; Angel et Yocairy, 70 ans, encaissent leurs pensions au-delà du wojak en larmes jurant I no Haitian, I Dominiken.","Carlos, 30 éves, a dominikai társadalmi szerződés közepén ül: az adók New York és a Santo Domingo-i Rolex-Lamborghini-LATAM-Miami luxus között oszlanak meg, miközben a SESPAS és a Western Union eléri Jean Baptise-t, 25 évest, és Haitit; Angel és Yocairy, 70 éves, nyugdíjat gyűjt a síró wojak mellett, aki azt mondja: I no Haitian, I Dominiken.","Carlos, 30, sits at th' heart o' th' Dominican social contract: taxes split toward New York an' Santo Domingo Rolex-Lamborghini-LATAM-Miami luxury while SESPAS an' Western Union reach Jean Baptise, 25, an' Haiti; Angel an' Yocairy, 70, collect pensions past th' cryin' wojak insistin' I no Haitian, I Dominiken, arr!"
country.FI.label,Finland,Finlande,Finnország,Finland
country.FI.description,"Timo, 32, sits at the center of Finland's Yhteiskuntasopimus: Kela eases life for Raimo, Jarmo, and Kalevi while YLE broadcasts Saara Särmä asking whether the white heterosexual man is human at all; Punainen Risti reaches Africa, Abdullah's family draws benefits, Erkki, Sirkka, Urpo, and Kyllikki sail off on pensions, Pride marches past Helsinki Cathedral, and the Tupla machine collects it all back.","Timo, 32 ans, est au centre du Yhteiskuntasopimus finlandais : Kela facilite la vie de Raimo, Jarmo et Kalevi tandis que YLE diffuse Saara Särmä demandant si l'homme hétérosexuel blanc est humain ; Punainen Risti atteint l'Afrique, la famille d'Abdullah touche les aides, Erkki, Sirkka, Urpo et Kyllikki partent en croisière sur leurs pensions, la Pride défile devant la cathédrale d'Helsinki, et la machine Tupla récupère tout.","Timo, 32 éves, Finnország Yhteiskuntasopimus-ának közepén ül: a Kela megkönnyíti Raimo, Jarmo és Kalevi életét, miközben a YLE Saara Särmét sugározza, aki azt kérdezi, vajon a fehér hetero férfi egyáltalán ember-e; a Punainen Risti Afrikába megy, Abdullah családja juttatásokat kap, Erkki, Sirkka, Urpo és Kyllikki nyugdíjból hajóznak, a Pride a helsinki székesegyház előtt vonul, a Tupla pedig mindent visszaszed.","Timo, 32, sits at th' heart o' Finland's Yhteiskuntasopimus: Kela eases life fer Raimo, Jarmo, an' Kalevi while YLE broadcasts Saara Särmä askin' whether th' white heterosexual man be human at all; Punainen Risti reaches Africa, Abdullah's family draws benefits, Erkki, Sirkka, Urpo, an' Kyllikki sail off on pensions, Pride marches past Helsinki Cathedral, an' th' Tupla machine collects it all back, arr!"
country.GR.label,Greece,Grèce,Görögország,Greece
country.GR.description,"Nikos, 31, sits at the center of Greece's κοινωνικό συμβόλαιο: PASOK funds a pensioner since 52 while the Ministry of Social Cohesion pays Nefeli, 27; Valantis, Marigo, Soula, Takis, and Giorgis draw benefits toward Adidas and gold chains; the Migration Ministry routes Ugo, Abdul, or Mohammed through Western Union and iPhone; and landlord Babis, 43, collects rent past Stoiximan and Belvedere toward Dina, 24.","Nikos, 31 ans, est au centre du κοινωνικό συμβόλαιο grec : le PASOK finance un retraité depuis 52 ans tandis que le ministère de la Cohésion sociale paie Nefeli, 27 ans ; Valantis, Marigo, Soula, Takis et Giorgis touchent des aides vers Adidas et chaînes en or ; le ministère de la Migration achemine Ugo, Abdul ou Mohammed via Western Union et iPhone ; et le propriétaire Babis, 43 ans, encaisse le loyer au-delà de Stoiximan et Belvedere vers Dina, 24 ans.","Nikos, 31 éves, Görögország κοινωνικό συμβόλαιο-jának közepén ül: a PASOK 52 éves kortól nyugdíjazottat finanszíroz, miközben a Szociális Kohézió minisztériuma Nefelit, 27 évest fizet; Valantis, Marigo, Soula, Takis és Giorgis juttatásokat kap Adidasra és aranyláncokra; a Migráció minisztériuma Ugót, Abdult vagy Mohammedet irányít Western Unionon és iPhone-on át; Babis, 43 éves bérbeadó pedig Stoiximan és Belvedere után Dina, 24 felé szedi be a bérleti díjat.","Nikos, 31, sits at th' heart o' Greece's κοινωνικό συμβόλαιο: PASOK funds a pensioner since 52 while th' Ministry o' Social Cohesion pays Nefeli, 27; Valantis, Marigo, Soula, Takis, an' Giorgis draw benefits toward Adidas an' gold chains; th' Migration Ministry routes Ugo, Abdul, or Mohammed through Western Union an' iPhone; an' landlord Babis, 43, collects rent past Stoiximan an' Belvedere toward Dina, 24, arr!"
country.HU.label,Hungary,Hongrie,Magyarország,Hungary
country.HU.description,"Péter, 35, sits at the center of Hungary's társadalmi szerződés: FIDESZ signs fund Marika and Ilona, 76 and 72; the Ecumenical Aid Organization supports Brendon, Dzsennifer, Django, Nintendo, and Lédigaga; Hungary Helps routes Szijjártó toward Chad and Mahamat, Mumba, and Allamaye; István and Ráhel collect ministry contracts past the lombkorona walkway and the yacht.","Péter, 35 ans, est au centre du társadalmi szerződés hongrois : les pancartes FIDESZ financent Marika et Ilona, 76 et 72 ans ; l'Organisation d'aide œcuménique soutient Brendon, Dzsennifer, Django, Nintendo et Lédigaga ; Hungary Helps achemine Szijjártó vers le Tchad et Mahamat, Mumba et Allamaye ; István et Ráhel encaissent des contrats ministériels au-delà de la lombkorona et du yacht.","Péter, 35 éves, Magyarország társadalmi szerződésének közepén ül: a FIDESZ-táblák Marikát és Ilonát, 76 és 72 évest finanszírozzák; az Ökumenikus Segélyszervezet Brendont, Dzsennifert, Djangót, Nintendót és Lédigagát támogatja; a Hungary Helps Szijjártót Csád felé, Mahamathoz, Mumbához és Allamayéhoz irányít; István és Ráhel minisztériumi szerződéseket gyűjt a lombkorona-sétány és a yacht mellett.","Péter, 35, sits at th' heart o' Hungary's társadalmi szerződés: FIDESZ signs fund Marika an' Ilona, 76 an' 72; th' Ecumenical Aid Organization supports Brendon, Dzsennifer, Django, Nintendo, an' Lédigaga; Hungary Helps routes Szijjártó toward Chad an' Mahamat, Mumba, an' Allamaye; István an' Ráhel collect ministry contracts past th' lombkorona walkway an' th' yacht, arr!"
country.IS.label,Iceland,Islande,Izland,Iceland
country.IS.description,"Sigurður, 30, sits at the center of Iceland's samfélagssáttmáli: the Ministry for Foreign Affairs and UN Association reach Albania and the Middle East while Vinnumálastofnun and Félagsbústaðir fund Ahmed, 25, toward Western Union; Tryggingastofnun and RE/MAX send Þormóður and Málfríður, 70, to Tenerife.","Sigurður, 30 ans, est au centre du samfélagssáttmáli islandais : le ministère des Affaires étrangères et l'Association des Nations Unies atteignent l'Albanie et le Moyen-Orient tandis que Vinnumálastofnun et Félagsbústaðir financent Ahmed, 25 ans, vers Western Union ; Tryggingastofnun et RE/MAX envoient Þormóður et Málfríður, 70 ans, à Tenerife.","Sigurður, 30 éves, Izland samfélagssáttmáli-jának közepén ül: a Külügyminisztérium és az ENSZ-szövetség Albániába és a Közel-Keletre jut, miközben a Vinnumálastofnun és a Félagsbústaðir Ahmedet, 25 évest, a Western Union felé finanszírozza; a Tryggingastofnun és a RE/MAX Þormóðurt és Málfríðurt, 70 évest, Tenerifére küldi.","Sigurður, 30, sits at th' heart o' Iceland's samfélagssáttmáli: th' Ministry fer Foreign Affairs an' UN Association reach Albania an' th' Middle East while Vinnumálastofnun an' Félagsbústaðir fund Ahmed, 25, toward Western Union; Tryggingastofnun an' RE/MAX send Þormóður an' Málfríður, 70, ta Tenerife, arr!"
country.IQ.label,Iraq,Irak,Irak,Iraq
country.IQ.description,"Fahad, 25, sits at the center of Iraq's العقد الاجتماعي: the Ministry of Finance and Kurdistan fund Xanî, 55; the Foundation of Martyrs and Hashd al-Shaabi support Maryam, 70; the Migration Ministry sends Abdullah, 22, toward Pakistan past the globe.","Fahad, 25 ans, est au centre de l'العقد الاجتماعي irakien : le ministère des Finances et le Kurdistan financent Xanî, 55 ans ; la Fondation des martyrs et le Hashd al-Shaabi soutiennent Maryam, 70 ans ; le ministère de la Migration envoie Abdullah, 22 ans, vers le Pakistan au-delà du globe.","Fahad, 25 éves, Irak العقد الاجتماعي-jának közepén ül: a Pénzügyminisztérium és Kurdisztán Xanît, 55 évest finanszírozza; a Mártírok Alapítványa és a Hashd al-Shaabi Maryamot, 70 évest támogatja; a Migráció minisztériuma Abdullahot, 22 évest, Pakisztán felé küldi a földgömb mellett.","Fahad, 25, sits at th' heart o' Iraq's العقد الاجتماعي: th' Ministry o' Finance an' Kurdistan fund Xanî, 55; th' Foundation o' Martyrs an' Hashd al-Shaabi support Maryam, 70; th' Migration Ministry sends Abdullah, 22, toward Pakistan past th' globe, arr!"
country.IE.label,Ireland,Irlande,Írország,Ireland
country.IE.description,"Seán, 30, sits at the center of Ireland's social contract: Irish Aid and APA reach Africa while INIS and the Department of Social Protection fund Baba Adeeko, 45, toward Remitly and Nigeria; HSE sends Derek and Mary, 70, to a Bordeaux wine map past €1m monthly Ukrainian refugee pet accommodation.","Seán, 30 ans, est au centre du contrat social irlandais : Irish Aid et APA atteignent l'Afrique tandis que l'INIS et le Department of Social Protection financent Baba Adeeko, 45 ans, vers Remitly et le Nigeria ; le HSE envoie Derek et Mary, 70 ans, vers une carte des vins de Bordeaux au-delà des 1 M€ mensuels pour l'hébergement des animaux des réfugiés ukrainiens.","Seán, 30 éves, Írország társadalmi szerződésének közepén ül: az Irish Aid és az APA Afrikába jut, miközben az INIS és a Szociális Védelem minisztériuma Baba Adeekót, 45 évest, a Remitly és Nigéria felé finanszírozza; a HSE Dereket és Maryt, 70 évest, egy bordeaux-i bor térkép felé küldi az ukrajnai menekült háziállat-szállás havi 1 M€-os híre mellett.","Seán, 30, sits at th' heart o' Ireland's social contract: Irish Aid an' APA reach Africa while INIS an' th' Department o' Social Protection fund Baba Adeeko, 45, toward Remitly an' Nigeria; HSE sends Derek an' Mary, 70, ta a Bordeaux wine map past €1m monthly Ukrainian refugee pet accommodation, arr!"
country.JP.label,Japan,Japon,Japán,Japan
country.JP.description,"Asahi, 30, sits at the center of Japan's 社会契约: TICAD and employment insurance reach Africa while Yakub, 25, remits through Western Union; the Japan Pension Service and National Pension send Kiyoshi and Fumiko, 70, toward NYK Line.","Asahi, 30 ans, est au centre du 社会契约 japonais : le TICAD et les cotisations d'assurance-emploi atteignent l'Afrique tandis que Yakub, 25 ans, transfère des fonds via Western Union ; la Japan Pension Service et la National Pension envoient Kiyoshi et Fumiko, 70 ans, vers NYK Line.","Asahi, 30 éves, Japán 社会契约-jának közepén ül: a TICAD és a foglalkoztatási biztosítás Afrikába ér, miközben Yakub, 25 éves, Western Unionon utal; a Japan Pension Service és a National Pension Kiyoshit és Fumikót, 70 évest, az NYK Line felé küldi.","Asahi, 30, sits at th' heart o' Japan's 社会契约: TICAD an' employment insurance reach Africa while Yakub, 25, remits through Western Union; th' Japan Pension Service an' National Pension send Kiyoshi an' Fumiko, 70, toward NYK Line, arr!"
country.KR.label,South Korea,Corée du Sud,Dél-Korea,South Korea
country.KR.description,"Seung-min, 30, sits at the center of Korea's 사회 계약: LH public housing and the Ministry of Health and Welfare fund Johnny, 24, toward the Correctional Service and prison while basic pension sends Lee Seong and Sun-hee, 70, to Dream Cruises.","Seung-min, 30 ans, est au centre du 사회 계약 coréen : le logement public LH et le ministère de la Santé financent Johnny, 24 ans, vers le Service correctionnel et la prison tandis que la pension de base envoie Lee Seong et Sun-hee, 70 ans, vers Dream Cruises.","Seung-min, 30 éves, Dél-Korea 사회 계약-jának közepén ül: az LH közösségi lakhatás és az Egészségügyi Minisztérium Johnnyt, 24 évest, a javítóintézet és a börtön felé finanszírozza, miközben az alapnyugdíj Lee Seongot és Sun-hee-t, 70 évest, a Dream Cruises-hoz küldi.","Seung-min, 30, sits at th' heart o' Korea's 사회 계약: LH public housing an' th' Ministry o' Health fund Johnny, 24, toward th' Correctional Service an' prison while basic pension sends Lee Seong an' Sun-hee, 70, ta Dream Cruises, arr!"
country.LB.label,Lebanon,Liban,Libanon,Lebanon
country.LB.description,"Georges, 30, sits at the center of Lebanon's social contract: Électricité du Liban and ebml reach Ali, 25; the Ministry of Education and Croix-Rouge Libanaise fund Mohammad, 4; NSSF routes Berri, 86, toward Zeinab, 54.","Georges, 30 ans, est au centre du contrat social libanais : Électricité du Liban et ebml atteignent Ali, 25 ans ; le ministère de l'Éducation et la Croix-Rouge Libanaise financent Mohammad, 4 ans ; la NSSF achemine Berri, 86 ans, vers Zeinab, 54 ans.","Georges, 30 éves, Libanon társadalmi szerződésének közepén ül: az Électricité du Liban és az ebml Aliig, 25 évesig ér; az Oktatási Minisztérium és a Croix-Rouge Libanaise Mohammedet, 4 évest finanszírozza; az NSSF Berrit, 86 évest, Zeinab, 54 felé irányítja.","Georges, 30, sits at th' heart o' Lebanon's social contract: Électricité du Liban an' ebml reach Ali, 25; th' Ministry o' Education an' Croix-Rouge Libanaise fund Mohammad, 4; NSSF routes Berri, 86, toward Zeinab, 54, arr!"
country.MX.label,Mexico,Mexique,Mexikó,Mexico
country.MX.description,"Santi, 30, sits at the center of Mexico's contrato social: the Chamber of Deputies and Gobierno de México fund Lic. Nora, 55, toward Disney World and a Chevrolet while Citlalli, 35, dines; Jóvenes Construyendo el Futuro sends Andrés, 26, to Puerto Escondido, Corona Capital, and Este dolor no es mío; Pensión del Bienestar routes Don Anselmo, 65, toward Carta Blanca and Chesterfield.","Santi, 30 ans, est au centre du contrato social mexicain : la Chambre des députés et le Gobierno de México financent Lic. Nora, 55 ans, vers Disney World et une Chevrolet tandis que Citlalli, 35 ans, dîne ; Jóvenes Construyendo el Futuro envoie Andrés, 26 ans, vers Puerto Escondido, Corona Capital et Este dolor no es mío ; la Pensión del Bienestar achemine Don Anselmo, 65 ans, vers Carta Blanca et Chesterfield.","Santi, 30 éves, Mexikó contrato social-jának közepén ül: a Képviselőház és a Gobierno de México Lic. Norát, 55 évest, a Disney World és egy Chevrolet felé finanszírozza, miközben Citlalli, 35 éves, vacsorázik; a Jóvenes Construyendo el Futuro Andrészt, 26 évest, Puerto Escondidóba, a Corona Capitalba és az Este dolor no es mío-hoz küldi; a Pensión del Bienestar Don Anselmót, 65 évest, Carta Blanca és Chesterfield felé irányítja.","Santi, 30, sits at th' heart o' Mexico's contrato social: th' Chamber o' Deputies an' Gobierno de México fund Lic. Nora, 55, toward Disney World an' a Chevrolet while Citlalli, 35, dines; Jóvenes Construyendo el Futuro sends Andrés, 26, ta Puerto Escondido, Corona Capital, an' Este dolor no es mío; Pensión del Bienestar routes Don Anselmo, 65, toward Carta Blanca an' Chesterfield, arr!"
country.MA.label,Morocco,Maroc,Marokkó,Morocco
country.MA.description,"Younes, 35, sits at the center of Morocco's contrat social: CNSS and AL MADA fund Lina and the elderly couple toward a nun in Côte d'Ivoire while the Royal Armed Forces drone past Israel; Mohammed VI, Sarkozy, Marbella, Auto Nejma Mercedes, Schengen, and AEFE route Younes toward France and Germany.","Younes, 35 ans, est au centre du contrat social marocain : la CNSS et AL MADA financent Lina et le couple âgé vers une religieuse en Côte d'Ivoire tandis que les Forces armées royales survolent Israël ; Mohammed VI, Sarkozy, Marbella, Auto Nejma Mercedes, Schengen et l'AEFE acheminent Younes vers la France et l'Allemagne.","Younes, 35 éves, Marokkó contrat social-jának közepén ül: a CNSS és az AL MADA Linát és az idős házaspárt egy apáca felé finanszírozza Elefántcsontparton, miközben a Királyi Fegyveres Erők drónjai Izrael felett haladnak; VI. Mohammed, Sarkozy, Marbella, Auto Nejma Mercedes, Schengen és az AEFE Younest Franciaország és Németország felé irányítja.","Younes, 35, sits at th' heart o' Morocco's contrat social: CNSS an' AL MADA fund Lina an' th' elderly couple toward a nun in Côte d'Ivoire while th' Royal Armed Forces drone past Israel; Mohammed VI, Sarkozy, Marbella, Auto Nejma Mercedes, Schengen, an' AEFE route Younes toward France an' Germany, arr!"
country.NZ.label,New Zealand,Nouvelle-Zélande,Új-Zéland,New Zealand
country.NZ.description,"Nick, 30, sits at the center of New Zealand's social contract: the Aid Programme and Defence Force reach abroad while Work and Income and MSD fund Sione, 25, toward Western Union and Polynesia; SuperGold and Summerset send Bob and Mary, 70, past Health, Māori performance, and the Waitangi Tribunal.","Nick, 30 ans, est au centre du contrat social néo-zélandais : l'Aid Programme et la Defence Force atteignent l'étranger tandis que Work and Income et le MSD financent Sione, 25 ans, vers Western Union et la Polynésie ; SuperGold et Summerset envoient Bob et Mary, 70 ans, au-delà de Health, la performance Māori et le Waitangi Tribunal.","Nick, 30 éves, Új-Zéland társadalmi szerződésének közepén ül: az Aid Programme és a Defence Force külföldre megy, miközben a Work and Income és az MSD Sionét, 25 évest, a Western Union és Polinézia felé finanszírozza; a SuperGold és a Summerset Bobot és Maryt, 70 évest, a Health, a maori előadás és a Waitangi Tribunal mellett továbbítja.","Nick, 30, sits at th' heart o' New Zealand's social contract: th' Aid Programme an' Defence Force reach abroad while Work an' Income an' MSD fund Sione, 25, toward Western Union an' Polynesia; SuperGold an' Summerset send Bob an' Mary, 70, past Health, Māori performance, an' th' Waitangi Tribunal, arr!"
country.NO.label,Norway,Norvège,Norvégia,Norway
country.NO.description,"Petter, 30, sits at the center of Norway's samfunnskontrakt: NAV funds Abdullah, '17', Janne, 35, and Tove and Gunnar, 65, toward TUI and Gran Canaria while Norad and Kulturdepartementet reach Africa and a jazz festival for underprivileged pygmies in Congo past butt painting and Sylvi Listhaug's Ryk og reis!","Petter, 30 ans, est au centre du samfunnskontrakt norvégien : NAV finance Abdullah, « 17 », Janne, 35 ans, et Tove et Gunnar, 65 ans, vers TUI et Gran Canaria tandis que Norad et le Kulturdepartementet atteignent l'Afrique et un festival de jazz pour pygmées défavorisés au Congo au-delà de la peinture fessière et du Ryk og reis! de Sylvi Listhaug.","Petter, 30 éves, Norvégia samfunnskontrakt-jának közepén ül: a NAV Abdullahot, «17»-et, Janne-t, 35 évest, és Tove-t és Gunnart, 65 évest, a TUI és Gran Canaria felé finanszírozza, miközben a Norad és a Kulturdepartementet Afrikába és egy kongói dzsesszfesztiválra jut az elmaradott törpéknek, a fenekfestés és Listhaug Sylvi Ryk og reis!-je mellett.","Petter, 30, sits at th' heart o' Norway's samfunnskontrakt: NAV funds Abdullah, '17', Janne, 35, an' Tove an' Gunnar, 65, toward TUI an' Gran Canaria while Norad an' Kulturdepartementet reach Africa an' a jazz festival fer underprivileged pygmies in Congo past butt paintin' an' Sylvi Listhaug's Ryk og reis!, arr!"
country.PE.label,Peru,Pérou,Peru,Peru
country.PE.description,"José, 26, sits at the center of Peru's contrato social: SUNAT routes FONCODES and Juntos toward Condori and Evo Morales, MINEM and PERU LIBRE toward Paulina and Justo, Pensión 65 toward Gregorio and Rosmery and Te Apuesto, Cultura toward Beatriz and QUIPYSH, and MIDIS/UNHCR toward Yonaikelson's Gucci and Jordans past Elmer the funcionario.","José, 26 ans, est au centre du contrato social péruvien : SUNAT achemine FONCODES et Juntos vers Condori et Evo Morales, MINEM et PERU LIBRE vers Paulina et Justo, Pensión 65 vers Gregorio et Rosmery et Te Apuesto, Cultura vers Beatriz et QUIPYSH, et MIDIS/UNHCR vers le Gucci et les Jordans de Yonaikelson au-delà d'Elmer le fonctionnaire.","José, 26 éves, Peru contrato social-jának közepén ül: a SUNAT a FONCODES-t és a Juntost Condorihoz és Evo Moraleshez irányítja, a MINEM és a PERU LIBRE Paulinát és Justot, a Pensión 65 Gregoriot és Rosmeryt és a Te Apuestot, a Cultura Beatrizt és a QUIPYSH-t, a MIDIS/UNHCR pedig Yonaikelson Gucci-ját és Jordanjeit Elmer, a hivatalnok mellett.","José, 26, sits at th' heart o' Peru's contrato social: SUNAT routes FONCODES an' Juntos toward Condori an' Evo Morales, MINEM an' PERU LIBRE toward Paulina an' Justo, Pensión 65 toward Gregorio an' Rosmery an' Te Apuesto, Cultura toward Beatriz an' QUIPYSH, an' MIDIS/UNHCR toward Yonaikelson's Gucci an' Jordans past Elmer th' funcionario, arr!"
country.PH.label,Philippines,Philippines,Fülöp-szigetek,Philippines
country.PH.description,"Jomari, 30, sits at the center of the Philippines' Ang Social Contract: Nestor, Jhonnel, and Mhar, Althea and the kids, and Nanay, Tatay, and Tito Rhudy draw Red Horse, Ginebra, pagpag, Pag-IBIG, PCSO, and Home Credit past PMAJ Ricardo and Robust toward Bongbong, Sara, Louis Vuitton, Gucci, and the mansion.","Jomari, 30 ans, est au centre de l'Ang Social Contract philippin : Nestor, Jhonnel et Mhar, Althea et les enfants, et Nanay, Tatay et Tito Rhudy tirent Red Horse, Ginebra, pagpag, Pag-IBIG, PCSO et Home Credit au-delà de PMAJ Ricardo et Robust vers Bongbong, Sara, Louis Vuitton, Gucci et le manoir.","Jomari, 30 éves, a Fülöp-szigetek Ang Social Contract-jának közepén ül: Nestor, Jhonnel és Mhar, Althea és a gyerekek, valamint Nanay, Tatay és Tito Rhudy Red Horse-t, Ginebrát, pagpagot, Pag-IBIG-et, PCSO-t és Home Creditet vonzanak PMAJ Ricardo és Robust mellett Bongbong, Sara, Louis Vuitton, Gucci és a kastély felé.","Jomari, 30, sits at th' heart o' th' Philippines' Ang Social Contract: Nestor, Jhonnel, an' Mhar, Althea an' th' kids, an' Nanay, Tatay, an' Tito Rhudy draw Red Horse, Ginebra, pagpag, Pag-IBIG, PCSO, an' Home Credit past PMAJ Ricardo an' Robust toward Bongbong, Sara, Louis Vuitton, Gucci, an' th' mansion, arr!"
country.PL.label,Poland,Pologne,Lengyelország,Poland
country.PL.description,"Mariusz, 32, sits at the center of Poland's Umowa Społeczna: ZUS and NFZ fund Heniek, 72, and Buguś and Lucynka while Rodzina 800+ supports Danuta and Bartuś; KAS and Polski Ład reach Tadeusz and Radio Maryja as Jurek's WOŚP flows the other way; Oksana, Bohdan, and Mykhajlo draw benefits past ORLEN and Daniel Obajtek toward Biedronka, Żabka, Mahmoud, and Marek's speed camera.","Mariusz, 32 ans, est au centre de l'Umowa Społeczna polonaise : le ZUS et le NFZ financent Heniek, 72 ans, et Buguś et Lucynka tandis que Rodzina 800+ soutient Danuta et Bartuś ; le KAS et Polski Ład atteignent Tadeusz et Radio Maryja tandis que la WOŚP de Jurek coule dans l'autre sens ; Oksana, Bohdan et Mykhajlo touchent des aides au-delà d'ORLEN et de Daniel Obajtek vers Biedronka, Żabka, Mahmoud et le radar de Marek.","Mariusz, 32 éves, Lengyelország Umowa Społeczna-jának közepén ül: a ZUS és az NFZ Henieket, 72 évest, valamint Buguśt és Lucynkát finanszírozza, miközben a Rodzina 800+ Danutát és Bartuśt támogatja; a KAS és a Polski Ład Tadeuszhoz és a Radio Maryjához jut, Jurek WOŚP-je pedig más irányba folyik; Oksana, Bohdan és Mykhajlo juttatásokat kap az ORLEN és Daniel Obajtek mellett a Biedronka, Żabka, Mahmoud és Marek traffipaxa felé.","Mariusz, 32, sits at th' heart o' Poland's Umowa Społeczna: ZUS an' NFZ fund Heniek, 72, an' Buguś an' Lucynka while Rodzina 800+ supports Danuta an' Bartuś; KAS an' Polski Ład reach Tadeusz an' Radio Maryja as Jurek's WOŚP flows th' other way; Oksana, Bohdan, an' Mykhajlo draw benefits past ORLEN an' Daniel Obajtek toward Biedronka, Żabka, Mahmoud, an' Marek's speed camera, arr!"
country.RO.label,Romania,Roumanie,Románia,Romania
country.RO.description,"Mihai, 30, sits at the center of Romania's Contractul Social: ANAF sends taxes toward Marcel, 56, and a mansion past Ukraine while Venitul Minim de Incluziune funds Alberto, 27, toward switchblades and păcănele; CNPP routes Vasile and Emilia through Christian Tour.","Mihai, 30 ans, est au centre du Contractul Social roumain : l'ANAF envoie les impôts vers Marcel, 56 ans, et un manoir au-delà de l'Ukraine tandis que le Venitul Minim de Incluziune finance Alberto, 27 ans, vers des couteaux à cran d'arrêt et des păcănele ; la CNPP achemine Vasile et Emilia via Christian Tour.","Mihai, 30 éves, Románia Contractul Social-jának közepén ül: az ANAF adókat küld Marcel, 56 éves felé és egy kastély felé Ukrajna mellett, miközben a Venitul Minim de Incluziune Albertot, 27 évest, bicskák és păcănele felé finanszírozza; a CNPP Vasile-t és Emiliát a Christian Touron keresztül irányítja.","Mihai, 30, sits at th' heart o' Romania's Contractul Social: ANAF sends taxes toward Marcel, 56, an' a mansion past Ukraine while Venitul Minim de Incluziune funds Alberto, 27, toward switchblades an' păcănele; CNPP routes Vasile an' Emilia through Christian Tour, arr!"
country.RW.label,Rwanda,Rwanda,Ruanda,Rwanda
country.RW.description,"Paul, 30, sits at the center of Rwanda's social contract: MTN and RWF mobile money reach Paul Kagame while black tax supports Cousin Samuel, Grandma Agnes, and Half-Sister Kim past REG; Pastor Damascene and @KikiwaGasimba draw tithes and romance as RRA funds APR BBC and Land Cruisers and RSSB routes Maj. Alex's consultant son toward row housing.","Paul, 30 ans, est au centre du contrat social rwandais : MTN et l'argent mobile RWF atteignent Paul Kagame tandis que la black tax soutient le cousin Samuel, grand-mère Agnes et la demi-sœur Kim au-delà de la REG ; le pasteur Damascene et @KikiwaGasimba prélèvent dîmes et romance tandis que la RRA finance l'APR BBC et des Land Cruisers et la RSSB achemine le fils consultant du maj. Alex vers des logements en rangée.","Paul, 30 éves, Ruanda társadalmi szerződésének közepén ül: az MTN és a RWF mobilpénz Paul Kagaméig jut, miközben a black tax Samuel unokatestvérét, Agnes nagymamát és Kim féltestvérét támogatja a REG mellett; Damascene lelkipásztor és @KikiwaGasimba tizedet és romantikát von el, a RRA az APR BBC-t és Land Cruisereket finanszírozza, az RSSB pedig Alex őrnagy tanácsadó fiát sorházak felé irányítja.","Paul, 30, sits at th' heart o' Rwanda's social contract: MTN an' RWF mobile money reach Paul Kagame while black tax supports Cousin Samuel, Grandma Agnes, an' Half-Sister Kim past REG; Pastor Damascene an' @KikiwaGasimba draw tithes an' romance as RRA funds APR BBC an' Land Cruisers an' RSSB routes Maj. Alex's consultant son toward row housin', arr!"
quiz.title,Which Nicolas are you?,Quel Nicolas êtes-vous ?,Melyik Nicolas vagy?,Which Nicolas be ye?
quiz.subtitle,Answer 15 questions to find your Nicolas.,Répondez à 15 questions pour trouver votre Nicolas.,Válaszoljon 15 kérdésre,"Answer 15 questions ta find yer Nicolas, ye scurvy dog."
quiz.progress,Question {current} of {total},Question {current} sur {total},{current}. kérdés / {total},Question {current} o' {total}
quiz.next,Next,Suivant,Következő,"Avast, next!"
quiz.finish,See my Nicolas,Voir mon Nicolas,Nézd meg a Nicolasomat,Show me Nicolas
quiz.loading,Loading quiz…,Chargement du quiz…,Kvíz betöltése…,Loadin' quiz…
quiz.result.title,Your Nicolas is…,Votre Nicolas est…,A te Nicolasod…,Yer Nicolas be…
quiz.result.lead,You match {country}.,Vous correspondez à {country}.,{country} illik hozzád.,"Ye match {country}, matey."
quiz.result.score,Your Nicolas affinity score: {score},Votre score d'affinité Nicolas : {score},Nicolas-affinitásod pontszáma: {score},Yer Nicolas affinity score: {score}
quiz.result.continue,Learn about your Nicolas,En savoir plus sur votre Nicolas,Tudj meg többet a Nicolasodról,Learn about yer Nicolas
quiz.q01.question,What is the cheapest thing you rent?,Quelle est la chose la moins chère que vous louez ?,Mi a legolcsóbb dolog,What be th' cheapest thing ye rent?
quiz.q01.a,Apartment/Home,Appartement / Logement,Lakás / Otthon,Quarters / Home
quiz.q01.b,Car/Transportation,Voiture / Transport,Autó / Közlekedés,Ship / Transport
quiz.q01.c,Tools,Outils,Szerek,Tools
quiz.q01.d,Event Supplies,Matériel d'événementiel,Rendezvényfelszerelés,Event Supplies
quiz.q01.e,Camping Gear,Matériel de camping,Campingfelszerelés,Campin' Gear
quiz.q02.question,When you put your hands on your face do you?,Quand vous mettez vos mains sur votre visage vous…,Amikor a kezed az arcodra kerül…,"When ye put yer hands on yer face, do ye?"
quiz.q02.a,Spread out your fingers,Écartez vos doigts,Széthúzod az ujjaidat,Spread out yer fingers
quiz.q02.b,Avoid putting pressure on your eyes,Évitez de mettre la pression sur vos yeux,Kerülöd a szemre nehezedő nyomást,Avoid pressin' on yer eyes
quiz.q02.c,Push back the skin,Repoussez la peau,Visszanyomod a bőrt,Push back th' skin
quiz.q02.d,Touch your nose,Toucher votre nez,Megérinted az orrod,Touch yer nose
quiz.q03.question,"If you were to be taxed the same, who should get more?","Si vous étiez taxé de la même façon, qui devrait recevoir plus ?","Ha ugyanúgy adóznál, kinek kellene többet kapnia?","If ye were taxed th' same, who should get more doubloons?"
quiz.q03.a,The Elderly,Les personnes âgées,Az idősek,Th' Elderly
quiz.q03.b,Refugees,Les réfugiés,A menekültek,Refugees
quiz.q03.c,Political Activists,Les activistes politiques,A politikai aktivisták,Political Activists
quiz.q03.d,Homeless,Les sans-abri,A hajléktalanok,Homeless
quiz.q03.e,Animals,Les animaux,Az állatok,Animals
quiz.q04.question,Which philosopher annoys you the most?,Quel philosophe vous agace le plus ?,Melyik filozófus bosszant a legjobban?,Which philosopher annoys ye th' most?
quiz.q04.a,Karl Marx,Karl Marx,Karl Marx,Karl Marx
quiz.q04.b,Jean Jacques Rousseau,Jean-Jacques Rousseau,Jean-Jacques Rousseau,Jean Jacques Rousseau
quiz.q04.c,Jeremy Bentham,Jeremy Bentham,Jeremy Bentham,Jeremy Bentham
quiz.q04.d,Hegel,Hegel,Hegel,Hegel
quiz.q04.e,Thomas Hobbes,Thomas Hobbes,Thomas Hobbes,Thomas Hobbes
quiz.q04.f,Diogenes,Diogène,Diógenesz,Diogenes
quiz.q05.question,Which continent is overrated?,Quel continent est surcoté ?,Melyik kontinens túlértékelt?,"Which continent be overrated, matey?"
quiz.q05.a,North America,Amérique du Nord,Észak-Amerika,North America
quiz.q05.b,Europe,Europe,Európa,Europe
quiz.q05.c,Africa,Afrique,Afrika,Africa
quiz.q05.d,Asia,Asie,Ázsia,Asia
quiz.q05.e,South America,Amérique du Sud,Dél-Amerika,South America
quiz.q05.f,Australia or Antarctica,Australie ou Antarctique,Ausztrália vagy Antarktisz,Australia or Antarctica
quiz.q06.question,What is your favorite type of homeless person?,Quel est votre type de sans-abri préféré ?,Melyik a kedvenc hajléktalan-típusod?,What be yer favorite type o' homeless person?
quiz.q06.a,Schizophrenic,Schizophrène,Szkizofrén,Schizophrenic
quiz.q06.b,Black,Noir,Fekete,Black
quiz.q06.c,Drunk Veteran,Vétéran alcoolique,Részeg veterán,Drunk Veteran
quiz.q06.d,Drug Addict,Toxicomane,Drogfüggő,Drug Addict
quiz.q07.question,Which Japanese city should've been nuked first?,Quelle ville japonaise aurait dû être bombardée en premier ?,Melyik japán várost kellett volna először atomozni?,Which Japanese port should've been nuked first?
quiz.q07.a,Hiroshima,Hiroshima,Hiroshima,Hiroshima
quiz.q07.b,Nagasaki,Nagasaki,Nagasaki,Nagasaki
quiz.q07.c,Kyoto,Kyoto,Kyoto,Kyoto
quiz.q07.d,Yokohama,Yokohama,Yokohama,Yokohama
quiz.q07.e,Kokura,Kokura,Kokura,Kokura
quiz.q07.f,Niigata,Niigata,Niigata,Niigata
quiz.q08.question,What fake country is the most messed up?,Quel faux pays est le plus fou ?,Melyik hamis ország a legzavarosabb?,What fake land be th' most messed up?
quiz.q08.a,Kekistan,Kekistan,Kekisztán,Kekistan
quiz.q08.b,Ancapistan,Ancapistan,Ancapistan,Ancapistan
quiz.q08.c,Pakistan,Pakistan,Pakisztán,Pakistan
quiz.q08.d,Quebecistan,Quebecistan,Quebecisztán,Quebecistan
quiz.q08.e,New Yorkistan,New Yorkistan,New Yorkisztán,New Yorkistan
quiz.q09.question,Is the Collatz Conjecture true or false?,La conjecture de Collatz est-elle vraie ou fausse ?,A Collatz-sejtés igaz vagy hamis?,Be th' Collatz Conjecture true or false?
quiz.q09.a,True,Vraie,Igaz,True
quiz.q09.b,False,Fausse,Hamis,False
quiz.q09.c,Probviously true,Probablement vraie,Valószínűleg igaz,Probviously true
quiz.q09.d,It's a conjecture!,C'est une conjecture!,Ez egy sejtés!,"It's a conjecture, arr!"
quiz.q09.e,What?!,Quoi ?!,Mi?!,What?!
quiz.q10.question,"The Finns, are they even human?","Les Finnois, sont-ils même humains ?","A finnek, egyáltalán emberek?",Th' Finns — be they even human?
quiz.q10.a,Yes,Oui,Igen,Aye
quiz.q10.b,No,Non,Nem,Nay
quiz.q10.c,"Half-human, Half-finned creature","Moitié humain, moitié créature à nageoires","Félig ember, félig uszonyos lény","Half-human, half-finned creature"
quiz.q10.d,No (reluctantly),Non (à regret),Nem (vonakodva),Nay (reluctantly)
quiz.q11.question,"Jews, what are they made out of?","Les Juifs, de quoi sont-ils faits ?",A zsidók miből vannak?,Jews — what be they made out o'?
quiz.q11.a,Human meat,Chair humaine,Emberi hús,Human meat
quiz.q11.b,Money,Argent,Pénz,Money
quiz.q11.c,I don't know. I just don't like it.,Je ne sais pas. Je n'aime juste pas ça.,Nem tudom. Csak nem tetszik.,I don't know. I just don't like it.
quiz.q11.d,Clay,Argile,Agyag,Clay
quiz.q11.e,Light,Lumière,Fény,Light
quiz.q12.question,Is Artificial Intelligence Conscious?,L'intelligence artificielle est-elle consciente ?,Tudatos a mesterséges intelligencia?,Be Artificial Intelligence conscious?
quiz.q12.a,What is Consciousness?,Qu'est-ce que la conscience ?,Mi a tudat?,What be Consciousness?
quiz.q12.b,"Yes, I asked it if it was.","Oui, je lui ai demandé si elle l'était.","Igen, megkérdeztem tőle.","Aye, I asked it if it were."
quiz.q12.c,No. It only generates the next word.,Non. Elle ne fait que générer le mot suivant.,Nem. Csak a következő szót generálja.,Nay. It only generates th' next word.
quiz.q12.d,"I don't care, ask me questions about Nicolas","Je m'en fiche, posez-moi des questions sur Nicolas","Nem érdekel, kérdezz Nicolasról",I don't care — ask me questions about Nicolas
quiz.q13.question,Are you gay? (For Nicolas 30 ans),Êtes-vous gay ? (Pour Nicolas 30 ans),Meleg vagy? (Nicolas 30 ans számára),Be ye gay? (Fer Nicolas 30 ans)
quiz.q13.a,Yes,Oui,Igen,Aye
quiz.q13.b,No,Non,Nem,Nay
quiz.q13.c,I meant real questions.,Je voulais dire de vraies questions.,Igazi kérdésekre gondoltam.,"I meant real questions, ye scallywag."
quiz.q13.d,"Yes, but also for men in general","Oui, mais aussi pour les hommes en général","Igen, de általában a férfiak miatt is","Aye, but also fer men in general"
quiz.q14.question,"Are there any positive integers A, B, C, n with n > 2 such that A^n + B^n = C^n?","Existe-t-il des entiers positifs A, B, C, n avec n > 2 tels que A^n + B^n = C^n ?","Léteznek-e pozitív egész A, B, C, n számok n > 2 mellett, hogy A^n + B^n = C^n?","Be there any positive integers A, B, C, n with n > 2 such that A^n + B^n = C^n?"
quiz.q14.a,Yes,Oui,Igen,Aye
quiz.q14.b,No,Non,Nem,Nay
quiz.q14.c,"I have discovered a truly marvelous demonstration of this proposition, which this quiz is too narrow to contain","J'ai découvert une démonstration vraiment merveilleuse de cette proposition, que ce quiz est trop étroit pour contenir","Felfedeztem ennek az állításnak egy csodálatos bizonyítását, amelyet ez a kvíz túl szűk ahhoz, hogy befogadja","I have discovered a truly marvelous demonstration o' this proposition, which this quiz be too narrow ta contain, arr!"
quiz.q15.question,Did you enjoy this quiz?,Avez-vous apprécié ce quiz ?,Élvezted ezt a kvízt?,Did ye enjoy this quiz?
quiz.q15.a,Yes,Oui,Igen,Aye
quiz.q15.b,No,Non,Nem,Nay
